Dimensão;Código Trilha;Nome Trilha;Código Desafio;Nome Desafio;Nível;Hábitos;Frequencia;;;;;;
SF;ER1;Energia recarregada;ER1PC;Primeiro contato;1;SF1;7;;;;;;
SF;ER1;Energia recarregada;ER1PC;Primeiro contato;1;SF18;3;;;;;;
SF;ER1;Energia recarregada;ER1PC;Primeiro contato;1;SM1;7;;;;;;
SF;CM1;Construção muscular;CM1BF;Base de força;1;SF10;7;;;;;;
SF;CM1;Construção muscular;CM1BF;Base de força;1;SF13;2;;;;;;
SF;CM1;Construção muscular;CM1BF;Base de força;1;SF12;3;;;;;;
SF;CM1;Construção muscular;CM1BF;Base de força;1;SF17;5;;;;;;
SF;DM1;Durma melhor;DM1PP;Primeiros Passos;1;SM1;5;;;;;;
SF;DM1;Durma melhor;DM1PP;Primeiros Passos;1;SM2;5;;;;;;
SF;DM1;Durma melhor;DM1PP;Primeiros Passos;1;SF16;5;;;;;;
SF;ES1;Emagreça com saúde;ES1IS;Início Saudável;1;SF1;5;;;;;;
SF;ES1;Emagreça com saúde;ES1IS;Início Saudável;1;SF8;5;;;;;;
SF;ES1;Emagreça com saúde;ES1IS;Início Saudável;1;SF9;5;;;;;;
TG;LS1;Líder de sucesso;LS1CL;Caminho do líder;1;SM14;7;;;;;;
TG;LS1;Líder de sucesso;LS1CL;Caminho do líder;1;T1;7;;;;;;
TG;LS1;Líder de sucesso;LS1CL;Caminho do líder;1;T8;5;;;;;;
TG;GV1;Gerencie sua vida;GV1PC;Primeiro contato;1;T8;3;;;;;;
TG;GV1;Gerencie sua vida;GV1PC;Primeiro contato;1;T1;7;;;;;;
TG;GV1;Gerencie sua vida;GV1PC;Primeiro contato;1;T4;2;;;;;;
TG;AE1;Aprendizado eficiente;AE1AL;Aprenda com a Lyfe;1;T15;2;;;;;;
TG;AE1;Aprendizado eficiente;AE1AL;Aprenda com a Lyfe;1;T17;1;;;;;;
TG;AE1;Aprendizado eficiente;AE1AL;Aprenda com a Lyfe;1;T13;3;;;;;;
TG;AE1;Aprendizado eficiente;AE1AL;Aprenda com a Lyfe;1;T9;7;;;;;;
SF;ME1;Mapa do emagrescimento;ME1BE;Base do Emagrecimento;1;SF7;7;;;;;;
SF;ME1;Mapa do emagrescimento;ME1BE;Base do Emagrecimento;1;SF1;7;;;;;;
SM;LC1;Leitura consistente;LC1CL;Comece a ler;1;SM13;5;;;;;;
SM;LC1;Leitura consistente;LC1CL;Comece a ler;1;SM14;7;;;;;;
SM;LC1;Leitura consistente;LC1CL;Comece a ler;1;T11;5;;;;;;
SF;DM2;Durma melhor avançado;DM2SR;Sono Restaurador;1;SF4;7;;;;;;
SF;DM2;Durma melhor avançado;DM2SR;Sono Restaurador;1;SF3;7;;;;;;
SF;DM2;Durma melhor avançado;DM2SR;Sono Restaurador;1;SF6;5;;;;;;
SF;DM2;Durma melhor avançado;DM2SR;Sono Restaurador;1;SF16;7;;;;;;
SF;DM2;Durma melhor avançado;DM2SR;Sono Restaurador;1;SF2;7;;;;;;
SF;DM2;Durma melhor avançado;DM2SR;Sono Restaurador;1;SM1;7;;;;;;
SF;ES2;Emagreça com saúde avançado;ES2EC;Escolha consciente;1;SF8;5;;;;;;
SF;ES2;Emagreça com saúde avançado;ES2EC;Escolha consciente;1;SF9;5;;;;;;
SF;ES2;Emagreça com saúde avançado;ES2EC;Escolha consciente;1;SF11;5;;;;;;
SF;ES2;Emagreça com saúde avançado;ES2EC;Escolha consciente;1;SF1;5;;;;;;
SF;ES2;Emagreça com saúde avançado;ES2EC;Escolha consciente;1;SF10;5;;;;;;
SF;CM2;Construção muscular avançado;CM2EM;Evolução muscular;1;SF17;5;;;;;;
SF;CM2;Construção muscular avançado;CM2EM;Evolução muscular;1;SF10;7;;;;;;
SF;CM2;Construção muscular avançado;CM2EM;Evolução muscular;1;SF5;5;;;;;;
SF;CM2;Construção muscular avançado;CM2EM;Evolução muscular;1;SF1333;2;;;;;;
SF;CM2;Construção muscular avançado;CM2EM;Evolução muscular;1;SF1;7;;;;;;
SF;CM2;Construção muscular avançado;CM2EM;Evolução muscular;1;SF1233;5;;;;;;
SF;ME2;Mapa do emagrescimento avançado;ME2EE;Emagrescimento eficiente;1;SF16;5;;;;;;
SF;ME2;Mapa do emagrescimento avançado;ME2EE;Emagrescimento eficiente;1;SF17;5;;;;;;
SF;ME2;Mapa do emagrescimento avançado;ME2EE;Emagrescimento eficiente;1;SF1;5;;;;;;
SF;ME2;Mapa do emagrescimento avançado;ME2EE;Emagrescimento eficiente;1;SF1822;5;;;;;;
SF;ER3;Energia recarregada avançado;ER3EP;Evolução pessoal;1;SF16;7;;;;;;
SF;ER3;Energia recarregada avançado;ER3EP;Evolução pessoal;1;SM1;7;;;;;;
SF;ER3;Energia recarregada avançado;ER3EP;Evolução pessoal;1;SM13;3;;;;;;
SF;ER3;Energia recarregada avançado;ER3EP;Evolução pessoal;1;SF8;5;;;;;;
SF;ER3;Energia recarregada avançado;ER3EP;Evolução pessoal;1;SF1233;5;;;;;;
SF;ER3;Energia recarregada avançado;ER3EP;Evolução pessoal;1;SF1;7;;;;;;
SF;ER3;Energia recarregada avançado;ER3EP;Evolução pessoal;1;SM7;7;;;;;;
SF;ER3;Energia recarregada avançado;ER3EP;Evolução pessoal;1;E4;7;;;;;;
SF;ER3;Energia recarregada avançado;ER3EP;Evolução pessoal;1;SF1422;3;;;;;;
SM;DD1;Domine sua dopamina;DD1MPH;Meus primeiros hábitos;1;SF1;7;;;;;;
SM;DD1;Domine sua dopamina;DD1MPH;Meus primeiros hábitos;1;E6;7;;;;;;
SM;DD1;Domine sua dopamina;DD1MPH;Meus primeiros hábitos;1;SM1;7;;;;;;
SM;DTD1;Detox de dopamina;DTD1TO;Tempo offline;1;SM7;7;;;;;;
SM;DTD1;Detox de dopamina;DTD1TO;Tempo offline;1;SM13;3;;;;;;
SM;DTD1;Detox de dopamina;DTD1TO;Tempo offline;1;SM6;3;;;;;;
SM;DTD2;Detox de dopamina avançado;DTD2ED;Equilibrio Digital;1;T7;5;;;;;;
SM;DTD2;Detox de dopamina avançado;DTD2ED;Equilibrio Digital;1;SM7;5;;;;;;
SM;DTD2;Detox de dopamina avançado;DTD2ED;Equilibrio Digital;1;SM13;3;;;;;;
SM;DTD2;Detox de dopamina avançado;DTD2ED;Equilibrio Digital;1;SM6;6;;;;;;
SF;ED1;Eleve sua dopamina;ED1MPH;Meus primeiros hábitos;1;SM1;7;;;;;;
SF;ED1;Eleve sua dopamina;ED1MPH;Meus primeiros hábitos;1;SF1;7;;;;;;
SF;ED1;Eleve sua dopamina;ED1MPH;Meus primeiros hábitos;1;E6;7;;;;;;
E;EE1;Evolução espiritual;EE1DE;Despertar espiritual;1;E7;7;;;;;;
E;EE1;Evolução espiritual;EE1DE;Despertar espiritual;1;E2;7;;;;;;
E;EE1;Evolução espiritual;EE1DE;Despertar espiritual;1;E5;7;;;;;;
R;MMV1;Minha melhor versão;MMV1MI;Melhoria inicial;1;R4;2;;;;;;
R;MMV1;Minha melhor versão;MMV1MI;Melhoria inicial;1;E4;7;;;;;;
R;MMV1;Minha melhor versão;MMV1MI;Melhoria inicial;1;R1;3;;;;;;
E;EE2;Evolução espiritual avançado;EE2BA;Boa ação;1;E3;1;;;;;;
E;EE2;Evolução espiritual avançado;EE2BA;Boa ação;1;E1;1;;;;;;
E;EE2;Evolução espiritual avançado;EE2BA;Boa ação;1;E2;7;;;;;;
E;EE2;Evolução espiritual avançado;EE2BA;Boa ação;1;E7;5;;;;;;
E;EE2;Evolução espiritual avançado;EE2BA;Boa ação;1;E6;7;;;;;;
R;MMV2;Minha melhor versão avançado;MMV2PI;Presença Ilustre;1;R5;1;;;;;;
R;MMV2;Minha melhor versão avançado;MMV2PI;Presença Ilustre;1;E3;1;;;;;;
R;MMV2;Minha melhor versão avançado;MMV2PI;Presença Ilustre;1;E4;5;;;;;;
R;MMV2;Minha melhor versão avançado;MMV2PI;Presença Ilustre;1;R1;5;;;;;;
R;MMV2;Minha melhor versão avançado;MMV2PI;Presença Ilustre;1;R4;3;;;;;;
SM;AA1;Anti ansiedade;AA1PC;Primeiro contato;1;E5;7;;;;;;
SM;AA1;Anti ansiedade;AA1PC;Primeiro contato;1;SM14;5;;;;;;
SM;AA1;Anti ansiedade;AA1PC;Primeiro contato;1;SM8;3;;;;;;
SM;PI1;Paz interior;PI1PC;Primeiro contato;1;E4;7;;;;;;
SM;PI1;Paz interior;PI1PC;Primeiro contato;1;SF15;7;;;;;;
SM;PI1;Paz interior;PI1PC;Primeiro contato;1;SM12;7;;;;;;
SM;AA2;Anti ansiedade avançado;AA2EM;Equilibrio mental;1;SM11;4;;;;;;
SM;AA2;Anti ansiedade avançado;AA2EM;Equilibrio mental;1;SM823;5;;;;;;
SM;AA2;Anti ansiedade avançado;AA2EM;Equilibrio mental;1;E6;5;;;;;;
SM;AA2;Anti ansiedade avançado;AA2EM;Equilibrio mental;1;SM10;3;;;;;;
SM;AA2;Anti ansiedade avançado;AA2EM;Equilibrio mental;1;SM14;5;;;;;;
TG;GV2;Gerencie sua vida avançado;GV2PE;Performance eficiente;1;T7;3;;;;;;
TG;GV2;Gerencie sua vida avançado;GV2PE;Performance eficiente;1;T2;1;;;;;;
TG;GV2;Gerencie sua vida avançado;GV2PE;Performance eficiente;1;T1;5;;;;;;
TG;GV2;Gerencie sua vida avançado;GV2PE;Performance eficiente;1;T4;2;;;;;;
TG;GV2;Gerencie sua vida avançado;GV2PE;Performance eficiente;1;T8;5;;;;;;
SM;PI2;Paz interior avançado;PI2CT;Conexão total;1;SM9;3;;;;;;
SM;PI2;Paz interior avançado;PI2CT;Conexão total;1;SM12;5;;;;;;
SM;PI2;Paz interior avançado;PI2CT;Conexão total;1;SM13;3;;;;;;
SM;PI2;Paz interior avançado;PI2CT;Conexão total;1;E4;5;;;;;;
SF;ER2;Energia recarregada intermediário;ER2CT;Consistência total;1;SM16;3;;;;;;
SF;ER2;Energia recarregada intermediário;ER2CT;Consistência total;1;SM1;7;;;;;;
SF;ER2;Energia recarregada intermediário;ER2CT;Consistência total;1;SF1;7;;;;;;
SF;ER2;Energia recarregada intermediário;ER2CT;Consistência total;1;SF1422;3;;;;;;
SF;ER2;Energia recarregada intermediário;ER2CT;Consistência total;1;SF1222;2;;;;;;
SF;ER2;Energia recarregada intermediário;ER2CT;Consistência total;1;SM13;7;;;;;;
SF;ER1;Energia recarregada;ER1EM;Em movimento;1;SF1;3;;;;;;
SF;ER1;Energia recarregada;ER1EM;Em movimento;1;SF1812;3;;;;;;
SF;ER1;Energia recarregada;ER1EM;Em movimento;1;SM1;3;;;;;;
SF;ER1;Energia recarregada;ER1MT;Mente tranquila;2;SF1;4;;;;;;
SF;ER1;Energia recarregada;ER1MT;Mente tranquila;2;SF1422;3;;;;;;
SF;ER1;Energia recarregada;ER1MT;Mente tranquila;2;SM1;5;;;;;;
SF;ER1;Energia recarregada;ER1MT;Mente tranquila;2;SM13;2;;;;;;
SF;ER1;Energia recarregada;ER1PM;Poder muscular ;2;SF1;5;;;;;;
SF;ER1;Energia recarregada;ER1PM;Poder muscular ;2;SF1431;3;;;;;;
SF;ER1;Energia recarregada;ER1PM;Poder muscular ;2;SM1;7;;;;;;
SF;ER1;Energia recarregada;ER1PM;Poder muscular ;2;SM13;2;;;;;;
SF;ER1;Energia recarregada;ER1PM;Poder muscular ;2;SF12;1;;;;;;
SF;ER2;Energia recarregada intermediário;ER2EC;Equilíbrio constante;2;SF1;7;;;;;;
SF;ER2;Energia recarregada intermediário;ER2EC;Equilíbrio constante;2;SF1432;3;;;;;;
SF;ER2;Energia recarregada intermediário;ER2EC;Equilíbrio constante;2;SM1;7;;;;;;
SF;ER2;Energia recarregada intermediário;ER2EC;Equilíbrio constante;2;SM13;3;;;;;;
SF;ER2;Energia recarregada intermediário;ER2EC;Equilíbrio constante;2;SF1232;3;;;;;;
SF;ER2;Energia recarregada intermediário;ER2EC;Equilíbrio constante;2;SF16;5;;;;;;
SF;ER2;Energia recarregada intermediário;ER2EC;Equilíbrio constante;2;SF8;3;;;;;;
SF;ER2;Energia recarregada intermediário;ER2DD;Desconexão diária;3;SF1;7;;;;;;
SF;ER2;Energia recarregada intermediário;ER2DD;Desconexão diária;3;SF1432;3;;;;;;
SF;ER2;Energia recarregada intermediário;ER2DD;Desconexão diária;3;SM1;7;;;;;;
SF;ER2;Energia recarregada intermediário;ER2DD;Desconexão diária;3;SM13;5;;;;;;
SF;ER2;Energia recarregada intermediário;ER2DD;Desconexão diária;3;SF1233;5;;;;;;
SF;ER2;Energia recarregada intermediário;ER2DD;Desconexão diária;3;SF16;5;;;;;;
SF;ER2;Energia recarregada intermediário;ER2DD;Desconexão diária;3;SF8;5;;;;;;
SF;ER2;Energia recarregada intermediário;ER2DD;Desconexão diária;3;SM7;5;;;;;;
SF;ER3;Energia recarregada avançado;ER3CT;Consciência total;2;SF1;7;;;;;;
SF;ER3;Energia recarregada avançado;ER3CT;Consciência total;2;SF1432;3;;;;;;
SF;ER3;Energia recarregada avançado;ER3CT;Consciência total;2;SM1;7;;;;;;
SF;ER3;Energia recarregada avançado;ER3CT;Consciência total;2;SM13;5;;;;;;
SF;ER3;Energia recarregada avançado;ER3CT;Consciência total;2;SF1233;5;;;;;;
SF;ER3;Energia recarregada avançado;ER3CT;Consciência total;2;SF16;7;;;;;;
SF;ER3;Energia recarregada avançado;ER3CT;Consciência total;2;SF8;7;;;;;;
SF;ER3;Energia recarregada avançado;ER3CT;Consciência total;2;SM7;5;;;;;;
SF;ER3;Energia recarregada avançado;ER3CT;Consciência total;2;E4;4;;;;;;
SF;ER3;Energia recarregada avançado;ER3CT;Consciência total;2;SM6;5;;;;;;
SF;ER3;Energia recarregada avançado;ER3FI;Foco intensivo ;3;SF1;7;;;;;;
SF;ER3;Energia recarregada avançado;ER3FI;Foco intensivo ;3;SF1432;3;;;;;;
SF;ER3;Energia recarregada avançado;ER3FI;Foco intensivo ;3;SM1;7;;;;;;
SF;ER3;Energia recarregada avançado;ER3FI;Foco intensivo ;3;SM13;5;;;;;;
SF;ER3;Energia recarregada avançado;ER3FI;Foco intensivo ;3;SF1233;5;;;;;;
SF;ER3;Energia recarregada avançado;ER3FI;Foco intensivo ;3;SF16;7;;;;;;
SF;ER3;Energia recarregada avançado;ER3FI;Foco intensivo ;3;SF8;7;;;;;;
SF;ER3;Energia recarregada avançado;ER3FI;Foco intensivo ;3;SM7;6;;;;;;
SF;ER3;Energia recarregada avançado;ER3FI;Foco intensivo ;3;E4;5;;;;;;
SF;ER3;Energia recarregada avançado;ER3FI;Foco intensivo ;3;SM6;6;;;;;;
SF;CM1;Construção muscular;CM1FT;Força total ;2;SF12;3;;;;;;
SF;CM1;Construção muscular;CM1FT;Força total ;2;SF13;2;;;;;;
SF;CM1;Construção muscular;CM1FT;Força total ;2;SF17;5;;;;;;
SF;CM1;Construção muscular;CM1FT;Força total ;2;SF1;7;;;;;;
SF;CM1;Construção muscular;CM1FT;Força total ;2;SF5;5;;;;;;
SF;ME1;Mapa do emagrescimento;ME1EC;Emagrecimento consciente;2;SF16;5;;;;;;
SF;ME1;Mapa do emagrescimento;ME1EC;Emagrecimento consciente;2;SF1;7;;;;;;
SF;ME1;Mapa do emagrescimento;ME1EC;Emagrecimento consciente;2;SF1813;2;;;;;;
SM;DTD1;Detox de dopamina;DTD1D;Desconexão;1;SM13;3;;;;;;
SM;DTD1;Detox de dopamina;DTD1D;Desconexão;1;T7;3;;;;;;
SM;DTD1;Detox de dopamina;DTD1D;Desconexão;1;SM7;7;;;;;;
SM;DTD1;Detox de dopamina;DTD1UI;Uso inteligente;2;SM13;3;;;;;;
SM;DTD1;Detox de dopamina;DTD1UI;Uso inteligente;2;T7;4;;;;;;
SM;DTD1;Detox de dopamina;DTD1UI;Uso inteligente;2;SM7;7;;;;;;
SM;DTD1;Detox de dopamina;DTD1UI;Uso inteligente;2;SM6;7;;;;;;
SF;ES1;Emagreça com saúde;ES1NB;Nutrição básica ;1;SF8;3;;;;;;
SF;ES1;Emagreça com saúde;ES1NB;Nutrição básica ;1;SF1;3;;;;;;
SF;ES1;Emagreça com saúde;ES1NB;Nutrição básica ;1;SF10;3;;;;;;
SF;ES1;Emagreça com saúde;ES1PC;Prato colorido ;2;SF8;4;;;;;;
SF;ES1;Emagreça com saúde;ES1PC;Prato colorido ;2;SF1;4;;;;;;
SF;ES1;Emagreça com saúde;ES1PC;Prato colorido ;2;SF10;4;;;;;;
SF;ES1;Emagreça com saúde;ES1PC;Prato colorido ;2;SF11;4;;;;;;
SF;DM1;Durma melhor;DM1SB;Sono básico ;1;SF4;3;;;;;;
SF;DM1;Durma melhor;DM1SB;Sono básico ;1;SF2;3;;;;;;
SF;DM1;Durma melhor;DM1SB;Sono básico ;1;SM1;3;;;;;;
SF;DM1;Durma melhor;DM1SB;Sono básico ;1;SF16;5;;;;;;
SF;DM1;Durma melhor;DM1NT;Noites tranquilas ;2;SF4;5;;;;;;
SF;DM1;Durma melhor;DM1NT;Noites tranquilas ;2;SF2;5;;;;;;
SF;DM1;Durma melhor;DM1NT;Noites tranquilas ;2;SM1;5;;;;;;
SF;DM1;Durma melhor;DM1NT;Noites tranquilas ;2;SF16;5;;;;;;
SF;DM1;Durma melhor;DM1NT;Noites tranquilas ;2;SF3;5;;;;;;
E;EE1;Evolução espiritual;EE1CB;Caminho base;1;E2;7;;;;;;
E;EE1;Evolução espiritual;EE1CB;Caminho base;1;E6;3;;;;;;
E;EE1;Evolução espiritual;EE1CB;Caminho base;1;E7;3;;;;;;
E;EE1;Evolução espiritual;EE1PE;Proximidade espiritual;2;E2;7;;;;;;
E;EE1;Evolução espiritual;EE1PE;Proximidade espiritual;2;E6;5;;;;;;
E;EE1;Evolução espiritual;EE1PE;Proximidade espiritual;2;E7;5;;;;;;
E;EE1;Evolução espiritual;EE1PE;Proximidade espiritual;2;E1;1;;;;;;
TG;LS1;Líder de sucesso;LS1CH;Construindo habilidades;1;SM14;5;;;;;;
TG;LS1;Líder de sucesso;LS1CH;Construindo habilidades;1;T1;5;;;;;;
TG;LS1;Líder de sucesso;LS1CH;Construindo habilidades;1;T8;5;;;;;;
TG;LS1;Líder de sucesso;LS1CJ;Consistência em jogo ;2;SM14;5;;;;;;
TG;LS1;Líder de sucesso;LS1CJ;Consistência em jogo ;2;T1;5;;;;;;
TG;LS1;Líder de sucesso;LS1CJ;Consistência em jogo ;2;T8;5;;;;;;
TG;AE1;Aprendizado eficiente;AE1AA;Aprendizado com autonomia;1;T9;7;;;;;;
TG;AE1;Aprendizado eficiente;AE1AA;Aprendizado com autonomia;1;T15;7;;;;;;
TG;AE1;Aprendizado eficiente;AE1AA;Aprendizado com autonomia;1;T17;7;;;;;;
TG;AE1;Aprendizado eficiente;AE1AA;Aprendizado com autonomia;1;T13;7;;;;;;
TG;GV1;Gerencie sua vida;GV1PE;Planejamento eficaz ;1;T3;1;;;;;;
TG;GV1;Gerencie sua vida;GV1PE;Planejamento eficaz ;1;T5;2;;;;;;
TG;GV1;Gerencie sua vida;GV1PE;Planejamento eficaz ;1;T1;3;;;;;;
TG;GV1;Gerencie sua vida;GV1PE;Planejamento eficaz ;1;T8;3;;;;;;
TG;GV1;Gerencie sua vida;GV1VO;Vida otimizada;2;T3;1;;;;;;
TG;GV1;Gerencie sua vida;GV1VO;Vida otimizada;2;T5;2;;;;;;
TG;GV1;Gerencie sua vida;GV1VO;Vida otimizada;2;T1;5;;;;;;
TG;GV1;Gerencie sua vida;GV1VO;Vida otimizada;2;T8;5;;;;;;
R;MMV1;Minha melhor versão;MMV1EP;Evolução pessoal;1;E4;5;;;;;;
R;MMV1;Minha melhor versão;MMV1EP;Evolução pessoal;1;R1;3;;;;;;
R;MMV1;Minha melhor versão;MMV1EP;Evolução pessoal;1;E3;1;;;;;;
R;MMV1;Minha melhor versão;MMV1CC;Crescimento contínuo ;2;E4;7;;;;;;
R;MMV1;Minha melhor versão;MMV1CC;Crescimento contínuo ;2;R1;4;;;;;;
R;MMV1;Minha melhor versão;MMV1CC;Crescimento contínuo ;2;E3;1;;;;;;
R;MMV1;Minha melhor versão;MMV1CC;Crescimento contínuo ;2;R4;2;;;;;;
SM;LC1;Leitura consistente;LC1LB;Leitura básica ;1;T10;2;;;;;;
SM;LC1;Leitura consistente;LC1LB;Leitura básica ;1;SM14;3;;;;;;
SM;LC1;Leitura consistente;LC1LB;Leitura básica ;1;SM7;3;;;;;;
SM;LC1;Leitura consistente;LC1PL;Progressão da leitura ;2;T18;1;;;;;;
SM;LC1;Leitura consistente;LC1PL;Progressão da leitura ;2;SM14;5;;;;;;
SM;LC1;Leitura consistente;LC1PL;Progressão da leitura ;2;SM7;5;;;;;;
SM;LC1;Leitura consistente;LC1LTH;Leitura se tornando um hábito ;3;T18;1;;;;;;
SM;LC1;Leitura consistente;LC1LTH;Leitura se tornando um hábito ;3;SM14;5;;;;;;
SM;LC1;Leitura consistente;LC1LTH;Leitura se tornando um hábito ;3;SM7;5;;;;;;
SM;PI1;Paz interior;PI1MT;Mente tranquila ;1;SM12;3;;;;;;
SM;PI1;Paz interior;PI1MT;Mente tranquila ;1;E4;3;;;;;;
SM;PI1;Paz interior;PI1MT;Mente tranquila ;1;SM13;2;;;;;;
SM;PI1;Paz interior;PI1DC;Desacelerar consciente ;2;SM12;4;;;;;;
SM;PI1;Paz interior;PI1DC;Desacelerar consciente ;2;E4;4;;;;;;
SM;PI1;Paz interior;PI1DC;Desacelerar consciente ;2;SM13;2;;;;;;
SM;PI1;Paz interior;PI1DC;Desacelerar consciente ;2;SM9;2;;;;;;
SM;AA1;Anti ansiedade;AA1SI;Serenidade imediata ;1;E6;3;;;;;;
SM;AA1;Anti ansiedade;AA1SI;Serenidade imediata ;1;SM812;3;;;;;;
SM;AA1;Anti ansiedade;AA1SI;Serenidade imediata ;1;SM14;5;;;;;;
SM;AA1;Anti ansiedade;AA1CM;Clareza mental ;2;E6;4;;;;;;
SM;AA1;Anti ansiedade;AA1CM;Clareza mental ;2;SM812;4;;;;;;
SM;AA1;Anti ansiedade;AA1CM;Clareza mental ;2;SM14;5;;;;;;
SM;AA1;Anti ansiedade;AA1CM;Clareza mental ;2;SM11;3;;;;;;
E;EE2;Evolução espiritual avançado;EE2CE;Caminho espiritual ;2;E2;7;;;;;;
E;EE2;Evolução espiritual avançado;EE2CE;Caminho espiritual ;2;E6;7;;;;;;
E;EE2;Evolução espiritual avançado;EE2CE;Caminho espiritual ;2;E7;5;;;;;;
E;EE2;Evolução espiritual avançado;EE2CE;Caminho espiritual ;2;E1;1;;;;;;
E;EE2;Evolução espiritual avançado;EE2CE;Caminho espiritual ;2;E3;1;;;;;;
R;MMV2;Minha melhor versão avançado;MMV2MV;Melhor versão;2;E4;7;;;;;;
R;MMV2;Minha melhor versão avançado;MMV2MV;Melhor versão;2;R1;7;;;;;;
R;MMV2;Minha melhor versão avançado;MMV2MV;Melhor versão;2;E3;1;;;;;;
R;MMV2;Minha melhor versão avançado;MMV2MV;Melhor versão;2;R4;3;;;;;;
R;MMV2;Minha melhor versão avançado;MMV2MV;Melhor versão;2;R6;2;;;;;;
R;MMV2;Minha melhor versão avançado;MMV2MV;Melhor versão;2;R3;2;;;;;;
R;MMV2;Minha melhor versão avançado;MMV2MV;Melhor versão;2;R2;1;;;;;;
TG;LS2;Líder de sucesso - avançado ;LS2FI;Foco inabalável ;1;SM14;5;;;;;;
TG;LS2;Líder de sucesso - avançado ;LS2FI;Foco inabalável ;1;T1;5;;;;;;
TG;LS2;Líder de sucesso - avançado ;LS2FI;Foco inabalável ;1;T8;5;;;;;;
TG;LS2;Líder de sucesso - avançado ;LS2FI;Foco inabalável ;1;SM5;3;;;;;;
TG;LS2;Líder de sucesso - avançado ;LS2MP;Mestre profissional ;2;SM14;5;;;;;;
TG;LS2;Líder de sucesso - avançado ;LS2MP;Mestre profissional ;2;T1;5;;;;;;
TG;LS2;Líder de sucesso - avançado ;LS2MP;Mestre profissional ;2;T8;5;;;;;;
TG;LS2;Líder de sucesso - avançado ;LS2MP;Mestre profissional ;2;SM5;5;;;;;;
TG;LS2;Líder de sucesso - avançado ;LS2MP;Mestre profissional ;2;T6;1;;;;;;
TG;LS2;Líder de sucesso - avançado ;LS2MP;Mestre profissional ;2;SM7;5;;;;;;
TG;GV2;Gerencie sua vida avançado;GV2CT;Controle total ;2;T2;1;;;;;;
TG;GV2;Gerencie sua vida avançado;GV2CT;Controle total ;2;T4;2;;;;;;
TG;GV2;Gerencie sua vida avançado;GV2CT;Controle total ;2;T1;5;;;;;;
TG;GV2;Gerencie sua vida avançado;GV2CT;Controle total ;2;T8;5;;;;;;
TG;GV2;Gerencie sua vida avançado;GV2CT;Controle total ;2;T7;5;;;;;;
TG;GV2;Gerencie sua vida avançado;GV2CT;Controle total ;2;T6;1;;;;;;
TG;GV2;Gerencie sua vida avançado;GV2CT;Controle total ;2;SM7;5;;;;;;
SM;PI2;Paz interior avançado;PI2ZM;Zen moderno ;2;SM12;7;;;;;;
SM;PI2;Paz interior avançado;PI2ZM;Zen moderno ;2;E4;7;;;;;;
SM;PI2;Paz interior avançado;PI2ZM;Zen moderno ;2;SM9;3;;;;;;
SM;PI2;Paz interior avançado;PI2ZM;Zen moderno ;2;SM13;5;;;;;;
SM;PI2;Paz interior avançado;PI2ZM;Zen moderno ;2;SF15;5;;;;;;
SM;AA2;Anti ansiedade avançado;AA2VP;Vida positiva;2;E6;7;;;;;;
SM;AA2;Anti ansiedade avançado;AA2VP;Vida positiva;2;SM8;7;;;;;;
SM;AA2;Anti ansiedade avançado;AA2VP;Vida positiva;2;SM14;5;;;;;;
SM;AA2;Anti ansiedade avançado;AA2VP;Vida positiva;2;SM11;5;;;;;;
SM;AA2;Anti ansiedade avançado;AA2VP;Vida positiva;2;SM10;5;;;;;;
SM;AA2;Anti ansiedade avançado;AA2VP;Vida positiva;2;SM4;5;;;;;;
SF;ME2;Mapa do emagrescimento avançado;ME2RM;Redução de medidas ;2;SF1;7;;;;;;
SF;ME2;Mapa do emagrescimento avançado;ME2RM;Redução de medidas ;2;SF16;5;;;;;;
SF;ME2;Mapa do emagrescimento avançado;ME2RM;Redução de medidas ;2;SF1813;3;;;;;;
SF;ME2;Mapa do emagrescimento avançado;ME2RM;Redução de medidas ;2;SF17;5;;;;;;
SF;ME2;Mapa do emagrescimento avançado;ME2RM;Redução de medidas ;2;SF1223;2;;;;;;
SM;DTD2;Detox de dopamina avançado;DTD2LD;Liberdade digital ;2;SM13;3;;;;;;
SM;DTD2;Detox de dopamina avançado;DTD2LD;Liberdade digital ;2;T7;5;;;;;;
SM;DTD2;Detox de dopamina avançado;DTD2LD;Liberdade digital ;2;SM7;7;;;;;;
SM;DTD2;Detox de dopamina avançado;DTD2LD;Liberdade digital ;2;SM6;7;;;;;;
SF;ES2;Emagreça com saúde avançado;ES2AI;Alimentação ideal ;2;SF8;7;;;;;;
SF;ES2;Emagreça com saúde avançado;ES2AI;Alimentação ideal ;2;SF1;7;;;;;;
SF;ES2;Emagreça com saúde avançado;ES2AI;Alimentação ideal ;2;SF10;7;;;;;;
SF;ES2;Emagreça com saúde avançado;ES2AI;Alimentação ideal ;2;SF11;7;;;;;;
SF;ES2;Emagreça com saúde avançado;ES2AI;Alimentação ideal ;2;SF9;7;;;;;;
SF;DM2;Durma melhor avançado;DM2SO;Sono de ouro ;2;SF4;7;;;;;;
SF;DM2;Durma melhor avançado;DM2SO;Sono de ouro ;2;SF2;7;;;;;;
SF;DM2;Durma melhor avançado;DM2SO;Sono de ouro ;2;SM1;7;;;;;;
SF;DM2;Durma melhor avançado;DM2SO;Sono de ouro ;2;SF16;7;;;;;;
SF;DM2;Durma melhor avançado;DM2SO;Sono de ouro ;2;SF3;7;;;;;;
SF;DM2;Durma melhor avançado;DM2SO;Sono de ouro ;2;SF6;7;;;;;;
SF;DM2;Durma melhor avançado;DM2SO;Sono de ouro ;2;SF19;7;;;;;;
;;;;;;;;;;;;;
;;;;;;;;;;;;;
;;;;;;;;;;;;;
;;;;;;;;;;;;;
;;;;;;;;;;;;;
;;;;;;;;;;;;;
;;;;;;;;;;;;;
;;;;;;;;;;;;;
;;;;;;;;;;;;;
;;;;;;;;;;;;;
;;;;;;;;;;;;;
;;;;;;;;;;;;;
;;;;;;;;;;;;;
;;;;;;;;;;;;;
;;;;;;;;;;;;;
;;;;;;;;;;;;;
;;;;;;;;;;;;;
;;;;;;;;;;;;;
;;;;;;;;;;;;;
;;;;;;;;;;;;;
;;;;;;;;;;;;;
;;;;;;;;;;;;;
;;;;;;;;;;;;;
;;;;;;;;;;;;;
;;;;;;;;;;;;;
;;;;;;;;;;;;;
;;;;;;;;;;;;;
;;;;;;;;;;;;;
;;;;;;;;;;;;;
;;;;;;;;;;;;;
;;;;;;;;;;;;;
;;;;;;;;;;;;;
;;;;;;;;;;;;;
;;;;;;;;;;;;;
;;;;;;;;;;;;;
;;;;;;;;;;;;;
;;;;;;;;;;;;;
;;;;;;;;;;;;;
;;;;;;;;;;;;;
;;;;;;;;;;;;;
;;;;;;;;;;;;;
;;;;;;;;;;;;;
;;;;;;;;;;;;;
;;;;;;;;;;;;;
;;;;;;;;;;;;;
;;;;;;;;;;;;;
;;;;;;;;;;;;;
;;;;;;;;;;;;;
;;;;;;;;;;;;;
;;;;;;;;;;;;;
;;;;;;;;;;;;;
;;;;;;;;;;;;;
;;;;;;;;;;;;;
;;;;;;;;;;;;;
;;;;;;;;;;;;;
;;;;;;;;;;;;;
;;;;;;;;;;;;;
;;;;;;;;;;;;;
;;;;;;;;;;;;;
;;;;;;;;;;;;;
;;;;;;;;;;;;;
;;;;;;;;;;;;;
;;;;;;;;;;;;;
;;;;;;;;;;;;;
;;;;;;;;;;;;;
;;;;;;;;;;;;;
;;;;;;;;;;;;;
;;;;;;;;;;;;;
;;;;;;;;;;;;;
;;;;;;;;;;;;;
;;;;;;;;;;;;;
;;;;;;;;;;;;;
;;;;;;;;;;;;;
;;;;;;;;;;;;;
;;;;;;;;;;;;;
;;;;;;;;;;;;;
;;;;;;;;;;;;;
;;;;;;;;;;;;;
;;;;;;;;;;;;;
;;;;;;;;;;;;;
;;;;;;;;;;;;;
;;;;;;;;;;;;;
;;;;;;;;;;;;;
;;;;;;;;;;;;;
;;;;;;;;;;;;;
;;;;;;;;;;;;;
;;;;;;;;;;;;;
;;;;;;;;;;;;;
;;;;;;;;;;;;;
;;;;;;;;;;;;;
;;;;;;;;;;;;;
;;;;;;;;;;;;;
;;;;;;;;;;;;;
;;;;;;;;;;;;;
;;;;;;;;;;;;;
;;;;;;;;;;;;;
;;;;;;;;;;;;;
;;;;;;;;;;;;;
;;;;;;;;;;;;;
;;;;;;;;;;;;;
;;;;;;;;;;;;;
;;;;;;;;;;;;;
;;;;;;;;;;;;;
;;;;;;;;;;;;;
;;;;;;;;;;;;;
;;;;;;;;;;;;;
;;;;;;;;;;;;;
;;;;;;;;;;;;;
;;;;;;;;;;;;;
;;;;;;;;;;;;;
;;;;;;;;;;;;;
;;;;;;;;;;;;;
;;;;;;;;;;;;;
;;;;;;;;;;;;;
;;;;;;;;;;;;;
;;;;;;;;;;;;;
;;;;;;;;;;;;;
;;;;;;;;;;;;;
;;;;;;;;;;;;;
;;;;;;;;;;;;;
;;;;;;;;;;;;;
;;;;;;;;;;;;;
;;;;;;;;;;;;;
;;;;;;;;;;;;;
;;;;;;;;;;;;;
;;;;;;;;;;;;;
;;;;;;;;;;;;;
;;;;;;;;;;;;;
;;;;;;;;;;;;;
;;;;;;;;;;;;;
;;;;;;;;;;;;;
;;;;;;;;;;;;;
;;;;;;;;;;;;;
;;;;;;;;;;;;;
;;;;;;;;;;;;;
;;;;;;;;;;;;;
;;;;;;;;;;;;;
;;;;;;;;;;;;;
;;;;;;;;;;;;;
;;;;;;;;;;;;;
;;;;;;;;;;;;;
;;;;;;;;;;;;;
;;;;;;;;;;;;;
;;;;;;;;;;;;;
;;;;;;;;;;;;;
;;;;;;;;;;;;;
;;;;;;;;;;;;;
;;;;;;;;;;;;;
;;;;;;;;;;;;;
;;;;;;;;;;;;;
;;;;;;;;;;;;;
;;;;;;;;;;;;;
;;;;;;;;;;;;;
;;;;;;;;;;;;;
;;;;;;;;;;;;;
;;;;;;;;;;;;;
;;;;;;;;;;;;;
;;;;;;;;;;;;;
;;;;;;;;;;;;;
;;;;;;;;;;;;;
;;;;;;;;;;;;;
;;;;;;;;;;;;;
;;;;;;;;;;;;;
;;;;;;;;;;;;;
;;;;;;;;;;;;;
;;;;;;;;;;;;;
;;;;;;;;;;;;;
;;;;;;;;;;;;;
;;;;;;;;;;;;;
;;;;;;;;;;;;;
;;;;;;;;;;;;;
;;;;;;;;;;;;;
;;;;;;;;;;;;;
;;;;;;;;;;;;;
;;;;;;;;;;;;;
;;;;;;;;;;;;;
;;;;;;;;;;;;;
;;;;;;;;;;;;;
;;;;;;;;;;;;;
;;;;;;;;;;;;;
;;;;;;;;;;;;;
;;;;;;;;;;;;;
;;;;;;;;;;;;;
;;;;;;;;;;;;;
;;;;;;;;;;;;;
;;;;;;;;;;;;;
;;;;;;;;;;;;;
;;;;;;;;;;;;;
;;;;;;;;;;;;;
;;;;;;;;;;;;;
;;;;;;;;;;;;;
;;;;;;;;;;;;;
;;;;;;;;;;;;;
;;;;;;;;;;;;;
;;;;;;;;;;;;;
;;;;;;;;;;;;;
;;;;;;;;;;;;;
;;;;;;;;;;;;;
;;;;;;;;;;;;;
;;;;;;;;;;;;;
;;;;;;;;;;;;;
;;;;;;;;;;;;;
;;;;;;;;;;;;;
;;;;;;;;;;;;;
;;;;;;;;;;;;;
;;;;;;;;;;;;;
;;;;;;;;;;;;;
;;;;;;;;;;;;;
;;;;;;;;;;;;;
;;;;;;;;;;;;;
;;;;;;;;;;;;;
;;;;;;;;;;;;;
;;;;;;;;;;;;;
;;;;;;;;;;;;;
;;;;;;;;;;;;;
;;;;;;;;;;;;;
;;;;;;;;;;;;;
;;;;;;;;;;;;;
;;;;;;;;;;;;;
;;;;;;;;;;;;;
;;;;;;;;;;;;;
;;;;;;;;;;;;;
;;;;;;;;;;;;;
;;;;;;;;;;;;;
;;;;;;;;;;;;;
;;;;;;;;;;;;;
;;;;;;;;;;;;;
;;;;;;;;;;;;;
;;;;;;;;;;;;;
;;;;;;;;;;;;;
;;;;;;;;;;;;;
;;;;;;;;;;;;;
;;;;;;;;;;;;;
;;;;;;;;;;;;;
;;;;;;;;;;;;;
;;;;;;;;;;;;;
;;;;;;;;;;;;;
;;;;;;;;;;;;;
;;;;;;;;;;;;;
;;;;;;;;;;;;;
;;;;;;;;;;;;;
;;;;;;;;;;;;;
;;;;;;;;;;;;;
;;;;;;;;;;;;;
;;;;;;;;;;;;;
;;;;;;;;;;;;;
;;;;;;;;;;;;;
;;;;;;;;;;;;;
;;;;;;;;;;;;;
;;;;;;;;;;;;;
;;;;;;;;;;;;;
;;;;;;;;;;;;;
;;;;;;;;;;;;;
;;;;;;;;;;;;;
;;;;;;;;;;;;;
;;;;;;;;;;;;;
;;;;;;;;;;;;;
;;;;;;;;;;;;;
;;;;;;;;;;;;;
;;;;;;;;;;;;;
;;;;;;;;;;;;;
;;;;;;;;;;;;;
;;;;;;;;;;;;;
;;;;;;;;;;;;;
;;;;;;;;;;;;;
;;;;;;;;;;;;;
;;;;;;;;;;;;;
;;;;;;;;;;;;;
;;;;;;;;;;;;;
;;;;;;;;;;;;;
;;;;;;;;;;;;;
;;;;;;;;;;;;;
;;;;;;;;;;;;;
;;;;;;;;;;;;;
;;;;;;;;;;;;;
;;;;;;;;;;;;;
;;;;;;;;;;;;;
;;;;;;;;;;;;;
;;;;;;;;;;;;;
;;;;;;;;;;;;;
;;;;;;;;;;;;;
;;;;;;;;;;;;;
;;;;;;;;;;;;;
;;;;;;;;;;;;;
;;;;;;;;;;;;;
;;;;;;;;;;;;;
;;;;;;;;;;;;;
;;;;;;;;;;;;;
;;;;;;;;;;;;;
;;;;;;;;;;;;;
;;;;;;;;;;;;;
;;;;;;;;;;;;;
;;;;;;;;;;;;;
;;;;;;;;;;;;;
;;;;;;;;;;;;;
;;;;;;;;;;;;;
;;;;;;;;;;;;;
;;;;;;;;;;;;;
;;;;;;;;;;;;;
;;;;;;;;;;;;;
;;;;;;;;;;;;;
;;;;;;;;;;;;;
;;;;;;;;;;;;;
;;;;;;;;;;;;;
;;;;;;;;;;;;;
;;;;;;;;;;;;;
;;;;;;;;;;;;;
;;;;;;;;;;;;;
;;;;;;;;;;;;;
;;;;;;;;;;;;;
;;;;;;;;;;;;;
;;;;;;;;;;;;;
;;;;;;;;;;;;;
;;;;;;;;;;;;;
;;;;;;;;;;;;;
;;;;;;;;;;;;;
;;;;;;;;;;;;;
;;;;;;;;;;;;;
;;;;;;;;;;;;;
;;;;;;;;;;;;;
;;;;;;;;;;;;;
;;;;;;;;;;;;;
;;;;;;;;;;;;;
;;;;;;;;;;;;;
;;;;;;;;;;;;;
;;;;;;;;;;;;;
;;;;;;;;;;;;;
;;;;;;;;;;;;;
;;;;;;;;;;;;;
;;;;;;;;;;;;;
;;;;;;;;;;;;;
;;;;;;;;;;;;;
;;;;;;;;;;;;;
;;;;;;;;;;;;;
;;;;;;;;;;;;;
;;;;;;;;;;;;;
;;;;;;;;;;;;;
;;;;;;;;;;;;;
;;;;;;;;;;;;;
;;;;;;;;;;;;;
;;;;;;;;;;;;;
;;;;;;;;;;;;;
;;;;;;;;;;;;;
;;;;;;;;;;;;;
;;;;;;;;;;;;;
;;;;;;;;;;;;;
;;;;;;;;;;;;;
;;;;;;;;;;;;;
;;;;;;;;;;;;;
;;;;;;;;;;;;;
;;;;;;;;;;;;;
;;;;;;;;;;;;;
;;;;;;;;;;;;;
;;;;;;;;;;;;;
;;;;;;;;;;;;;
;;;;;;;;;;;;;
;;;;;;;;;;;;;
;;;;;;;;;;;;;
;;;;;;;;;;;;;
;;;;;;;;;;;;;
;;;;;;;;;;;;;
;;;;;;;;;;;;;
;;;;;;;;;;;;;
;;;;;;;;;;;;;
;;;;;;;;;;;;;
;;;;;;;;;;;;;
;;;;;;;;;;;;;
;;;;;;;;;;;;;
;;;;;;;;;;;;;
;;;;;;;;;;;;;
;;;;;;;;;;;;;
;;;;;;;;;;;;;
;;;;;;;;;;;;;
;;;;;;;;;;;;;
;;;;;;;;;;;;;
;;;;;;;;;;;;;
;;;;;;;;;;;;;
;;;;;;;;;;;;;
;;;;;;;;;;;;;
;;;;;;;;;;;;;
;;;;;;;;;;;;;
;;;;;;;;;;;;;
;;;;;;;;;;;;;
;;;;;;;;;;;;;
;;;;;;;;;;;;;
;;;;;;;;;;;;;
;;;;;;;;;;;;;
;;;;;;;;;;;;;
;;;;;;;;;;;;;
;;;;;;;;;;;;;
;;;;;;;;;;;;;
;;;;;;;;;;;;;
;;;;;;;;;;;;;
;;;;;;;;;;;;;
;;;;;;;;;;;;;
;;;;;;;;;;;;;
;;;;;;;;;;;;;
;;;;;;;;;;;;;
;;;;;;;;;;;;;
;;;;;;;;;;;;;
;;;;;;;;;;;;;
;;;;;;;;;;;;;
;;;;;;;;;;;;;
;;;;;;;;;;;;;
;;;;;;;;;;;;;
;;;;;;;;;;;;;
;;;;;;;;;;;;;
;;;;;;;;;;;;;
;;;;;;;;;;;;;
;;;;;;;;;;;;;
;;;;;;;;;;;;;
;;;;;;;;;;;;;
;;;;;;;;;;;;;
;;;;;;;;;;;;;
;;;;;;;;;;;;;
;;;;;;;;;;;;;
;;;;;;;;;;;;;
;;;;;;;;;;;;;
;;;;;;;;;;;;;
;;;;;;;;;;;;;
;;;;;;;;;;;;;
;;;;;;;;;;;;;
;;;;;;;;;;;;;
;;;;;;;;;;;;;
;;;;;;;;;;;;;
;;;;;;;;;;;;;
;;;;;;;;;;;;;
;;;;;;;;;;;;;
;;;;;;;;;;;;;
;;;;;;;;;;;;;
;;;;;;;;;;;;;
;;;;;;;;;;;;;
;;;;;;;;;;;;;
;;;;;;;;;;;;;
;;;;;;;;;;;;;
;;;;;;;;;;;;;
;;;;;;;;;;;;;
;;;;;;;;;;;;;
;;;;;;;;;;;;;
;;;;;;;;;;;;;
;;;;;;;;;;;;;
;;;;;;;;;;;;;
;;;;;;;;;;;;;
;;;;;;;;;;;;;
;;;;;;;;;;;;;
;;;;;;;;;;;;;
;;;;;;;;;;;;;
;;;;;;;;;;;;;
;;;;;;;;;;;;;
;;;;;;;;;;;;;
;;;;;;;;;;;;;
;;;;;;;;;;;;;
;;;;;;;;;;;;;
;;;;;;;;;;;;;
;;;;;;;;;;;;;
;;;;;;;;;;;;;
;;;;;;;;;;;;;
;;;;;;;;;;;;;
;;;;;;;;;;;;;
;;;;;;;;;;;;;
;;;;;;;;;;;;;
;;;;;;;;;;;;;
;;;;;;;;;;;;;
;;;;;;;;;;;;;
;;;;;;;;;;;;;
;;;;;;;;;;;;;
;;;;;;;;;;;;;
;;;;;;;;;;;;;
;;;;;;;;;;;;;
;;;;;;;;;;;;;
;;;;;;;;;;;;;
;;;;;;;;;;;;;
;;;;;;;;;;;;;
;;;;;;;;;;;;;
;;;;;;;;;;;;;
;;;;;;;;;;;;;
;;;;;;;;;;;;;
;;;;;;;;;;;;;
;;;;;;;;;;;;;
;;;;;;;;;;;;;
;;;;;;;;;;;;;
;;;;;;;;;;;;;
;;;;;;;;;;;;;
;;;;;;;;;;;;;
;;;;;;;;;;;;;
;;;;;;;;;;;;;
;;;;;;;;;;;;;
;;;;;;;;;;;;;
;;;;;;;;;;;;;
;;;;;;;;;;;;;
;;;;;;;;;;;;;
;;;;;;;;;;;;;
;;;;;;;;;;;;;
;;;;;;;;;;;;;
;;;;;;;;;;;;;
;;;;;;;;;;;;;
;;;;;;;;;;;;;
;;;;;;;;;;;;;
;;;;;;;;;;;;;
;;;;;;;;;;;;;
;;;;;;;;;;;;;
;;;;;;;;;;;;;
;;;;;;;;;;;;;
;;;;;;;;;;;;;
;;;;;;;;;;;;;
;;;;;;;;;;;;;
;;;;;;;;;;;;;
;;;;;;;;;;;;;
;;;;;;;;;;;;;
;;;;;;;;;;;;;
;;;;;;;;;;;;;
;;;;;;;;;;;;;
;;;;;;;;;;;;;
;;;;;;;;;;;;;
;;;;;;;;;;;;;
;;;;;;;;;;;;;
;;;;;;;;;;;;;
;;;;;;;;;;;;;
;;;;;;;;;;;;;
;;;;;;;;;;;;;
;;;;;;;;;;;;;
;;;;;;;;;;;;;
;;;;;;;;;;;;;
;;;;;;;;;;;;;
;;;;;;;;;;;;;
;;;;;;;;;;;;;
;;;;;;;;;;;;;
;;;;;;;;;;;;;
;;;;;;;;;;;;;
;;;;;;;;;;;;;
;;;;;;;;;;;;;
;;;;;;;;;;;;;
;;;;;;;;;;;;;
;;;;;;;;;;;;;
;;;;;;;;;;;;;
;;;;;;;;;;;;;
;;;;;;;;;;;;;
;;;;;;;;;;;;;
;;;;;;;;;;;;;
;;;;;;;;;;;;;
;;;;;;;;;;;;;
;;;;;;;;;;;;;
;;;;;;;;;;;;;
;;;;;;;;;;;;;
;;;;;;;;;;;;;
;;;;;;;;;;;;;
;;;;;;;;;;;;;
;;;;;;;;;;;;;
;;;;;;;;;;;;;
;;;;;;;;;;;;;
;;;;;;;;;;;;;
;;;;;;;;;;;;;
;;;;;;;;;;;;;
;;;;;;;;;;;;;
;;;;;;;;;;;;;
;;;;;;;;;;;;;
;;;;;;;;;;;;;
;;;;;;;;;;;;;
;;;;;;;;;;;;;
;;;;;;;;;;;;;
;;;;;;;;;;;;;
;;;;;;;;;;;;;
;;;;;;;;;;;;;
;;;;;;;;;;;;;
;;;;;;;;;;;;;
;;;;;;;;;;;;;
;;;;;;;;;;;;;
;;;;;;;;;;;;;
;;;;;;;;;;;;;
;;;;;;;;;;;;;
;;;;;;;;;;;;;
;;;;;;;;;;;;;
;;;;;;;;;;;;;
;;;;;;;;;;;;;
;;;;;;;;;;;;;
;;;;;;;;;;;;;
;;;;;;;;;;;;;
;;;;;;;;;;;;;
;;;;;;;;;;;;;
;;;;;;;;;;;;;
;;;;;;;;;;;;;
;;;;;;;;;;;;;
;;;;;;;;;;;;;
;;;;;;;;;;;;;
;;;;;;;;;;;;;
;;;;;;;;;;;;;
;;;;;;;;;;;;;
;;;;;;;;;;;;;
;;;;;;;;;;;;;
;;;;;;;;;;;;;
;;;;;;;;;;;;;
;;;;;;;;;;;;;
;;;;;;;;;;;;;
;;;;;;;;;;;;;
;;;;;;;;;;;;;
;;;;;;;;;;;;;
;;;;;;;;;;;;;
;;;;;;;;;;;;;
;;;;;;;;;;;;;
;;;;;;;;;;;;;
;;;;;;;;;;;;;
;;;;;;;;;;;;;
;;;;;;;;;;;;;
;;;;;;;;;;;;;
;;;;;;;;;;;;;
;;;;;;;;;;;;;
;;;;;;;;;;;;;
;;;;;;;;;;;;;
;;;;;;;;;;;;;
;;;;;;;;;;;;;
;;;;;;;;;;;;;
;;;;;;;;;;;;;
;;;;;;;;;;;;;
;;;;;;;;;;;;;
;;;;;;;;;;;;;
;;;;;;;;;;;;;
;;;;;;;;;;;;;
;;;;;;;;;;;;;
;;;;;;;;;;;;;
;;;;;;;;;;;;;
;;;;;;;;;;;;;
;;;;;;;;;;;;;
;;;;;;;;;;;;;
;;;;;;;;;;;;;
;;;;;;;;;;;;;
;;;;;;;;;;;;;
;;;;;;;;;;;;;
;;;;;;;;;;;;;
;;;;;;;;;;;;;
;;;;;;;;;;;;;
;;;;;;;;;;;;;
;;;;;;;;;;;;;
;;;;;;;;;;;;;
;;;;;;;;;;;;;
;;;;;;;;;;;;;
;;;;;;;;;;;;;
;;;;;;;;;;;;;
;;;;;;;;;;;;;
;;;;;;;;;;;;;
;;;;;;;;;;;;;
;;;;;;;;;;;;;
;;;;;;;;;;;;;
;;;;;;;;;;;;;
;;;;;;;;;;;;;
;;;;;;;;;;;;;
;;;;;;;;;;;;;
;;;;;;;;;;;;;
;;;;;;;;;;;;;
;;;;;;;;;;;;;
;;;;;;;;;;;;;
;;;;;;;;;;;;;
;;;;;;;;;;;;;
;;;;;;;;;;;;;
;;;;;;;;;;;;;
;;;;;;;;;;;;;
;;;;;;;;;;;;;
;;;;;;;;;;;;;
;;;;;;;;;;;;;
;;;;;;;;;;;;;
;;;;;;;;;;;;;
;;;;;;;;;;;;;
;;;;;;;;;;;;;
;;;;;;;;;;;;;
;;;;;;;;;;;;;
;;;;;;;;;;;;;
;;;;;;;;;;;;;
;;;;;;;;;;;;;
;;;;;;;;;;;;;
;;;;;;;;;;;;;
;;;;;;;;;;;;;
;;;;;;;;;;;;;
;;;;;;;;;;;;;
;;;;;;;;;;;;;
;;;;;;;;;;;;;
;;;;;;;;;;;;;
;;;;;;;;;;;;;
;;;;;;;;;;;;;
;;;;;;;;;;;;;
;;;;;;;;;;;;;
;;;;;;;;;;;;;
;;;;;;;;;;;;;
;;;;;;;;;;;;;
;;;;;;;;;;;;;
;;;;;;;;;;;;;
;;;;;;;;;;;;;
;;;;;;;;;;;;;
;;;;;;;;;;;;;
;;;;;;;;;;;;;
;;;;;;;;;;;;;
;;;;;;;;;;;;;
;;;;;;;;;;;;;
;;;;;;;;;;;;;